{
	"entityDatasourceSqlList": [{
		"updateSqlList": ["create table Aml_Transaction_Image(date_id datetime,trans_code varchar(256),trans_date datetime,customer_no varchar(32),customer_name varchar(512),customer_type varchar(2),acct_cata varchar(2),acct_nature_type varchar(2),acct_code varchar(64),acct_name varchar(512),bank_card_code varchar(64),bank_card_name varchar(512),branch_code varchar(64),bank_inst_code varchar(16),trans_type varchar(6),trans_amount decimal(20,3),currency varchar(3),trans_amount_cny decimal(20,3),trans_amount_usd decimal(20,3),payment_flag varchar(2),trans_nationality varchar(3),trans_address varchar(9),trans_address_ip varchar(20),trans_use varchar(128),bank_trans_code varchar(500),foreign_related_code varchar(16),customer_org_relationship varchar(2),agent_user_name varchar(128),agent_user_crtft_type varchar(6),agent_user_crtft_number varchar(128),agent_user_nationality varchar(3),payment_marry_type varchar(2),payment_marry_code varchar(500),no_bar_trans_type varchar(2),no_bar_other_trans_type varchar(32),no_bar_trans_device_code  varchar(500),other_inst_lattice_name varchar(64),other_inst_lattice_type varchar(2),other_inst_lattice_code varchar(16),other_inst_lattice_area varchar(9),other_customer_name varchar(128),other_customer_crtft_type varchar(6),other_customer_crtft_number varchar(128),other_customer_acct_type varchar(6),other_customer_acct_code varchar(64),other_customer_nationality varchar(3),other_customer_area varchar(6),trans_remarks1 varchar(256),trans_remarks2 varchar(256),large_flag char(1),suspcs_flag char(1),primary key(trans_code))ENGINE=InnoDB DEFAULT CHARSET=utf8;"],
		"dataSourceName": "aml_mysql",
		"initSqlList": ["DROP TABLE `Aml_Transaction_Image`;"]
	}, {
		"updateSqlList": ["create table Aml_Transaction_Image(date_id date,trans_code varchar2(256),trans_date date,customer_no varchar2(32),customer_name varchar2(512),customer_type varchar2(2),acct_cata varchar2(2),acct_nature_type varchar2(2),acct_code varchar2(64),acct_name varchar(512),bank_card_code varchar2(64),bank_card_name varchar2(512),branch_code varchar2(64),bank_inst_code varchar2(16),trans_type varchar2(6),trans_amount decimal(20,3),currency varchar2(3),trans_amount_cny decimal(20,3),trans_amount_usd decimal(20,3),payment_flag varchar2(2),trans_nationality varchar(3),trans_address varchar2(9),trans_address_ip varchar2(20),trans_use varchar2(128),bank_trans_code varchar2(500),foreign_related_code varchar2(16),customer_org_relationship varchar2(2),agent_user_name varchar2(128),agent_user_crtft_type varchar2(6),agent_user_crtft_number varchar2(128),agent_user_nationality varchar2(3),payment_marry_type varchar2(2),payment_marry_code varchar2(500),no_bar_trans_type varchar2(2),no_bar_other_trans_type varchar2(32),no_bar_trans_device_code  varchar2(500),other_inst_lattice_name varchar2(64),other_inst_lattice_type varchar2(2),other_inst_lattice_code varchar2(16),other_inst_lattice_area varchar2(9),other_customer_name varchar2(128),other_customer_crtft_type varchar2(6),other_customer_crtft_number varchar2(128),other_customer_acct_type varchar2(6),other_customer_acct_code varchar2(64),other_customer_nationality varchar2(3),other_customer_area varchar2(6),trans_remarks1 varchar2(256),trans_remarks2 varchar2(256),large_flag char(1),suspcs_flag char(1),primary key(trans_code))"],
		"dataSourceName": "aml_oracle",
		"initSqlList": ["DROP TABLE Aml_Transaction_Image"]
	}, {
		"updateSqlList": ["create table Aml_Transaction_Image(date_id datetime,trans_code varchar(256),trans_date datetime,customer_no varchar(32),customer_name varchar(512),customer_type varchar(2),acct_cata varchar(2),acct_nature_type varchar(2),acct_code varchar(64),acct_name varchar(512),bank_card_code varchar(64),bank_card_name varchar(512),branch_code varchar(64),bank_inst_code varchar(16),trans_type varchar(6),trans_amount decimal(20,3),currency varchar(3),trans_amount_cny decimal(20,3),trans_amount_usd decimal(20,3),payment_flag varchar(2),trans_nationality varchar(3),trans_address varchar(9),trans_address_ip varchar(20),trans_use varchar(128),bank_trans_code varchar(500),foreign_related_code varchar(16),customer_org_relationship varchar(2),agent_user_name varchar(128),agent_user_crtft_type varchar(6),agent_user_crtft_number varchar(128),agent_user_nationality varchar(3),payment_marry_type varchar(2),payment_marry_code varchar(500),no_bar_trans_type varchar(2),no_bar_other_trans_type varchar(32),no_bar_trans_device_code  varchar(500),other_inst_lattice_name varchar(64),other_inst_lattice_type varchar(2),other_inst_lattice_code varchar(16),other_inst_lattice_area varchar(9),other_customer_name varchar(128),other_customer_crtft_type varchar(6),other_customer_crtft_number varchar(128),other_customer_acct_type varchar(6),other_customer_acct_code varchar(64),other_customer_nationality varchar(3),other_customer_area varchar(6),trans_remarks1 varchar(256),trans_remarks2 varchar(256),large_flag char(1),suspcs_flag char(1),primary key(trans_code))"],
		"dataSourceName": "aml_sqlserver",
		"initSqlList": ["DROP TABLE Aml_Transaction_Image"]
	}]
}